{
  "timestamp": "20260128_181727",
  "duration_minutes": 30.015105017026265,
  "total_tests": 1122,
  "errors": 0,
  "tests_per_minute": 37.381178555381965,
  "wins_by_model": {
    "lfm2-2.6b-exp": 549,
    "lfm2.5-1.2b": 265,
    "qwen3-0.6b": 308
  },
  "win_rates": {
    "lfm2-2.6b-exp": 48.93048128342246,
    "lfm2.5-1.2b": 23.618538324420676,
    "qwen3-0.6b": 27.450980392156865
  },
  "avg_scores": {
    "qwen3-0.6b": 0.5276737967914439,
    "lfm2.5-1.2b": 0.5187611408199644,
    "lfm2-2.6b-exp": 0.5994206773618539
  },
  "avg_times": {
    "qwen3-0.6b": 318.66977899044804,
    "lfm2.5-1.2b": 375.39194569443214,
    "lfm2-2.6b-exp": 910.4720579324135
  },
  "wins_by_relationship": {
    "work": {
      "lfm2-2.6b-exp": 160,
      "qwen3-0.6b": 85,
      "lfm2.5-1.2b": 73
    },
    "family": {
      "lfm2.5-1.2b": 82,
      "qwen3-0.6b": 74,
      "lfm2-2.6b-exp": 114
    },
    "casual_friend": {
      "lfm2-2.6b-exp": 240,
      "qwen3-0.6b": 142,
      "lfm2.5-1.2b": 77
    },
    "close_friend": {
      "lfm2-2.6b-exp": 3
    },
    "romantic": {
      "lfm2.5-1.2b": 33,
      "lfm2-2.6b-exp": 32,
      "qwen3-0.6b": 7
    }
  },
  "wins_by_intent": {
    "statement": {
      "lfm2-2.6b-exp": 366,
      "qwen3-0.6b": 223,
      "lfm2.5-1.2b": 167
    },
    "open_question": {
      "lfm2.5-1.2b": 13,
      "qwen3-0.6b": 18,
      "lfm2-2.6b-exp": 35
    },
    "greeting": {
      "lfm2-2.6b-exp": 46,
      "lfm2.5-1.2b": 27,
      "qwen3-0.6b": 20
    },
    "sharing": {
      "lfm2.5-1.2b": 17,
      "qwen3-0.6b": 12,
      "lfm2-2.6b-exp": 17
    },
    "yes_no_question": {
      "qwen3-0.6b": 2,
      "lfm2-2.6b-exp": 13,
      "lfm2.5-1.2b": 3
    },
    "thanks": {
      "lfm2.5-1.2b": 28,
      "lfm2-2.6b-exp": 34,
      "qwen3-0.6b": 16
    },
    "emotional": {
      "lfm2-2.6b-exp": 4,
      "lfm2.5-1.2b": 1,
      "qwen3-0.6b": 0
    },
    "logistics": {
      "qwen3-0.6b": 13,
      "lfm2-2.6b-exp": 25,
      "lfm2.5-1.2b": 9
    },
    "choice_question": {
      "lfm2-2.6b-exp": 5,
      "lfm2.5-1.2b": 0,
      "qwen3-0.6b": 0
    },
    "farewell": {
      "qwen3-0.6b": 4,
      "lfm2-2.6b-exp": 4,
      "lfm2.5-1.2b": 0
    }
  }
}