{
  "timestamp": "2026-02-06 20:57:31",
  "config": {
    "subset_size": 10000,
    "c_values": [
      10.0,
      20.0,
      50.0,
      100.0
    ],
    "oversample_directive": 1.0,
    "seed": 42
  },
  "class_distribution": {
    "commissive": 1062,
    "directive": 1536,
    "inform": 4841,
    "question": 2561
  },
  "results": [
    {
      "C": 10.0,
      "mean_f1": 0.6079745727066176,
      "std_f1": 0.008218962542766405,
      "time_sec": 20.627095937728882
    },
    {
      "C": 20.0,
      "mean_f1": 0.6084261436236312,
      "std_f1": 0.008346479118307128,
      "time_sec": 25.107563972473145
    },
    {
      "C": 50.0,
      "mean_f1": 0.6097437411004798,
      "std_f1": 0.00824726989988487,
      "time_sec": 27.2031090259552
    },
    {
      "C": 100.0,
      "mean_f1": 0.6093955735492221,
      "std_f1": 0.008115425082727485,
      "time_sec": 28.07817506790161
    }
  ],
  "best_C": 50.0,
  "best_mean_f1": 0.6097437411004798
}