{
  "accuracy": 0.7916666666666666,
  "confusion_matrix": [
    [
      38,
      0,
      0,
      1,
      1,
      0
    ],
    [
      0,
      33,
      0,
      0,
      1,
      6
    ],
    [
      0,
      0,
      34,
      3,
      0,
      3
    ],
    [
      0,
      2,
      5,
      30,
      0,
      3
    ],
    [
      0,
      1,
      3,
      0,
      24,
      12
    ],
    [
      0,
      4,
      0,
      2,
      3,
      31
    ]
  ],
  "model": "llama-3.3-70b-versatile",
  "n_examples": 240,
  "elapsed_seconds": 108.8697080410202
}