{
  "accuracy": 0.7958333333333333,
  "confusion_matrix": [
    [
      38,
      0,
      1,
      0,
      1,
      0
    ],
    [
      0,
      33,
      0,
      0,
      1,
      6
    ],
    [
      0,
      0,
      34,
      3,
      0,
      3
    ],
    [
      0,
      2,
      4,
      31,
      0,
      3
    ],
    [
      0,
      2,
      3,
      0,
      24,
      11
    ],
    [
      0,
      4,
      0,
      2,
      3,
      31
    ]
  ],
  "model": "llama-3.3-70b",
  "n_examples": 240,
  "elapsed_seconds": 109.08807270805119
}