{
  "accuracy": 0.6958333333333333,
  "confusion_matrix": [
    [
      38,
      0,
      0,
      2,
      0,
      0
    ],
    [
      0,
      31,
      0,
      0,
      0,
      9
    ],
    [
      0,
      0,
      31,
      4,
      0,
      5
    ],
    [
      0,
      1,
      14,
      22,
      0,
      3
    ],
    [
      0,
      3,
      0,
      0,
      11,
      26
    ],
    [
      0,
      4,
      0,
      0,
      2,
      34
    ]
  ],
  "model": "llama-3.3-70b-versatile",
  "n_examples": 240,
  "elapsed_seconds": 109.54995141603285
}