{
  "accuracy": 0.7458333333333333,
  "confusion_matrix": [
    [
      39,
      0,
      1,
      0,
      0,
      0
    ],
    [
      0,
      34,
      0,
      0,
      0,
      6
    ],
    [
      0,
      0,
      34,
      4,
      0,
      2
    ],
    [
      0,
      1,
      9,
      26,
      0,
      4
    ],
    [
      0,
      1,
      2,
      0,
      13,
      24
    ],
    [
      0,
      3,
      0,
      1,
      3,
      33
    ]
  ],
  "model": "llama-3.3-70b-versatile",
  "n_examples": 240,
  "elapsed_seconds": 108.84864408400608
}