{
  "timestamp": "2026-02-06 22:47:16",
  "config": {
    "train_size": 4000,
    "test_size": 1000,
    "train_size_after_resample": 5823,
    "test_proportion": 0.2,
    "c_values": [
      7.0
    ],
    "gamma_values": [
      "scale"
    ],
    "resample": {
      "commissive": 2.4,
      "directive": 3.0
    },
    "n_jobs": 5,
    "seed": 42
  },
  "class_distribution_train": {
    "commissive": 1020,
    "directive": 1842,
    "inform": 1936,
    "question": 1025
  },
  "class_distribution_test": {
    "commissive": 106,
    "directive": 154,
    "inform": 484,
    "question": 256
  },
  "results": [
    {
      "C": 7.0,
      "gamma": "scale",
      "mean_f1": 0.7498486606283458,
      "std_f1": 0.007619574603240049
    }
  ],
  "best_config": {
    "C": 7.0,
    "gamma": "scale",
    "mean_f1": 0.7498486606283458,
    "std_f1": 0.007619574603240049,
    "test_set_metrics": {
      "commissive": {
        "precision": 0.35714285714285715,
        "recall": 0.5188679245283019,
        "f1-score": 0.4230769230769231,
        "support": 106.0
      },
      "directive": {
        "precision": 0.37857142857142856,
        "recall": 0.34415584415584416,
        "f1-score": 0.36054421768707484,
        "support": 154.0
      },
      "inform": {
        "precision": 0.8255813953488372,
        "recall": 0.7334710743801653,
        "f1-score": 0.7768052516411379,
        "support": 484.0
      },
      "question": {
        "precision": 0.855072463768116,
        "recall": 0.921875,
        "f1-score": 0.8872180451127819,
        "support": 256.0
      },
      "accuracy": 0.699,
      "macro avg": {
        "precision": 0.6040920362078097,
        "recall": 0.6295924607660779,
        "f1-score": 0.6119111093794795,
        "support": 1000.0
      },
      "weighted avg": {
        "precision": 0.7146370889306177,
        "recall": 0.699,
        "f1-score": 0.7034715247131463,
        "support": 1000.0
      }
    },
    "confusion_matrix": [
      [
        55,
        14,
        32,
        5
      ],
      [
        28,
        53,
        41,
        32
      ],
      [
        70,
        56,
        355,
        3
      ],
      [
        1,
        17,
        2,
        236
      ]
    ]
  }
}