{
  "timestamp": "2026-02-06 21:30:57",
  "config": {
    "subset_size": 13790,
    "c_values": [
      7.0
    ],
    "gamma_values": [
      "scale"
    ],
    "oversample": {
      "commissive": 2.4,
      "directive": 2.5
    },
    "seed": 42
  },
  "class_distribution": {
    "commissive": 2548,
    "directive": 3840,
    "inform": 4841,
    "question": 2561
  },
  "results": [
    {
      "C": 7.0,
      "gamma": "scale",
      "mean_f1": 0.7251360750539053,
      "std_f1": 0.0034942248852386764,
      "time_sec": 54.19595718383789
    }
  ],
  "best_config": {
    "C": 7.0,
    "gamma": "scale",
    "mean_f1": 0.7251360750539053,
    "std_f1": 0.0034942248852386764,
    "time_sec": 54.19595718383789
  }
}