{
  "timestamp": "2026-02-06 23:25:21",
  "config": {
    "train_size": 48671,
    "test_size": 12168,
    "train_size_after_resample": 48671,
    "test_proportion": 0.2,
    "c_values": [
      7.0
    ],
    "gamma_values": [
      "scale"
    ],
    "resample": {},
    "n_jobs": 1,
    "seed": 42
  },
  "class_distribution_train": {
    "commissive": 5170,
    "directive": 7478,
    "inform": 23560,
    "question": 12463
  },
  "class_distribution_test": {
    "commissive": 1292,
    "directive": 1870,
    "inform": 5890,
    "question": 3116
  },
  "results": [
    {
      "C": 7.0,
      "gamma": "scale",
      "mean_f1": 0.645808733336479,
      "std_f1": 0.003504726663861983
    }
  ],
  "best_config": {
    "C": 7.0,
    "gamma": "scale",
    "mean_f1": 0.645808733336479,
    "std_f1": 0.003504726663861983,
    "test_set_metrics": {
      "commissive": {
        "precision": 0.4389119409866298,
        "recall": 0.7368421052631579,
        "f1-score": 0.5501300202253684,
        "support": 1292.0
      },
      "directive": {
        "precision": 0.4127456819535438,
        "recall": 0.37058823529411766,
        "f1-score": 0.3905325443786982,
        "support": 1870.0
      },
      "inform": {
        "precision": 0.8685436071126165,
        "recall": 0.6966044142614601,
        "f1-score": 0.7731298285283588,
        "support": 5890.0
      },
      "question": {
        "precision": 0.82119021134594,
        "recall": 0.9476893453145058,
        "f1-score": 0.8799165673420739,
        "support": 3116.0
      },
      "accuracy": 0.7150723208415516,
      "macro avg": {
        "precision": 0.6353478603496825,
        "recall": 0.6879310250333104,
        "f1-score": 0.6484272401186248,
        "support": 12168.0
      },
      "weighted avg": {
        "precision": 0.7407510846034774,
        "recall": 0.7150723208415516,
        "f1-score": 0.71799955276046,
        "support": 12168.0
      }
    },
    "confusion_matrix": [
      [
        952,
        132,
        173,
        35
      ],
      [
        267,
        693,
        412,
        498
      ],
      [
        933,
        744,
        4103,
        110
      ],
      [
        17,
        110,
        36,
        2953
      ]
    ]
  }
}