{
  "timestamp": "2026-02-07 08:21:01",
  "config": {
    "train_size": 48671,
    "test_size": 12168,
    "train_size_after_resample": 20621,
    "test_proportion": 0.2,
    "c_values": [
      7.0
    ],
    "gamma_values": [
      "scale"
    ],
    "resample": {
      "commissive": 1.0,
      "directive": 0.69,
      "inform": 0.22,
      "question": 0.41
    },
    "n_jobs": 1,
    "seed": 42
  },
  "class_distribution_train": {
    "commissive": 5170,
    "directive": 5159,
    "inform": 5183,
    "question": 5109
  },
  "class_distribution_test": {
    "commissive": 1292,
    "directive": 1870,
    "inform": 5890,
    "question": 3116
  },
  "results": [
    {
      "C": 7.0,
      "gamma": "scale",
      "mean_f1": 0.6569783595790323,
      "std_f1": 0.0043810414756944045
    }
  ],
  "best_config": {
    "C": 7.0,
    "gamma": "scale",
    "mean_f1": 0.6569783595790323,
    "std_f1": 0.0043810414756944045,
    "test_set_metrics": {
      "commissive": {
        "precision": 0.4155622060709705,
        "recall": 0.7523219814241486,
        "f1-score": 0.5353896998072156,
        "support": 1292.0
      },
      "directive": {
        "precision": 0.38329646017699115,
        "recall": 0.37058823529411766,
        "f1-score": 0.3768352365415987,
        "support": 1870.0
      },
      "inform": {
        "precision": 0.8710911136107986,
        "recall": 0.6573853989813243,
        "f1-score": 0.7492985002418965,
        "support": 5890.0
      },
      "question": {
        "precision": 0.8171140939597316,
        "recall": 0.9377406931964056,
        "f1-score": 0.8732815301852959,
        "support": 3116.0
      },
      "accuracy": 0.6951840894148587,
      "macro avg": {
        "precision": 0.621765968454623,
        "recall": 0.6795090772239991,
        "f1-score": 0.6337012416940017,
        "support": 12168.0
      },
      "weighted avg": {
        "precision": 0.7339353161341876,
        "recall": 0.6951840894148587,
        "f1-score": 0.7010945758518956,
        "support": 12168.0
      }
    },
    "confusion_matrix": [
      [
        972,
        132,
        150,
        38
      ],
      [
        284,
        693,
        387,
        506
      ],
      [
        1065,
        843,
        3872,
        110
      ],
      [
        18,
        140,
        36,
        2922
      ]
    ]
  }
}