{
  "timestamp": "2026-02-06 21:11:06",
  "config": {
    "subset_size": 10000,
    "c_values": [
      10.0,
      40.0,
      100.0
    ],
    "gamma_values": [
      "scale"
    ],
    "oversample": {},
    "seed": 42
  },
  "class_distribution": {
    "commissive": 1062,
    "directive": 1536,
    "inform": 4841,
    "question": 2561
  },
  "results": [
    {
      "C": 10.0,
      "gamma": "scale",
      "mean_f1": 0.6271706305378,
      "std_f1": 0.005194258853009708,
      "time_sec": 25.05229902267456
    },
    {
      "C": 40.0,
      "gamma": "scale",
      "mean_f1": 0.6127876036553389,
      "std_f1": 0.009166189971337623,
      "time_sec": 23.776046752929688
    },
    {
      "C": 100.0,
      "gamma": "scale",
      "mean_f1": 0.5993427918828605,
      "std_f1": 0.011369971742181203,
      "time_sec": 23.62760591506958
    }
  ],
  "best_config": {
    "C": 10.0,
    "gamma": "scale",
    "mean_f1": 0.6271706305378,
    "std_f1": 0.005194258853009708,
    "time_sec": 25.05229902267456
  }
}