{
  "timestamp": "2026-02-07 08:35:02",
  "config": {
    "train_size": 48671,
    "test_size": 12168,
    "train_size_after_resample": 39408,
    "test_proportion": 0.2,
    "c_values": [
      7.0
    ],
    "gamma_values": [
      "scale"
    ],
    "resample": {
      "commissive": 1.9,
      "directive": 1.3,
      "inform": 0.42,
      "question": 0.8
    },
    "n_jobs": 1,
    "seed": 42
  },
  "class_distribution_train": {
    "commissive": 9822,
    "directive": 9721,
    "inform": 9895,
    "question": 9970
  },
  "class_distribution_test": {
    "commissive": 1292,
    "directive": 1870,
    "inform": 5890,
    "question": 3116
  },
  "results": [
    {
      "C": 7.0,
      "gamma": "scale",
      "mean_f1": 0.6958993721793668,
      "std_f1": 0.005346834801377517
    }
  ],
  "best_config": {
    "C": 7.0,
    "gamma": "scale",
    "mean_f1": 0.6958993721793668,
    "std_f1": 0.005346834801377517,
    "test_set_metrics": {
      "commissive": {
        "precision": 0.4336803983703033,
        "recall": 0.7414860681114551,
        "f1-score": 0.5472722079405884,
        "support": 1292.0
      },
      "directive": {
        "precision": 0.40344827586206894,
        "recall": 0.3754010695187166,
        "f1-score": 0.3889196675900277,
        "support": 1870.0
      },
      "inform": {
        "precision": 0.870210934136892,
        "recall": 0.6864176570458405,
        "f1-score": 0.767463933181473,
        "support": 5890.0
      },
      "question": {
        "precision": 0.8214385670305066,
        "recall": 0.9419127086007703,
        "f1-score": 0.8775601734190462,
        "support": 3116.0
      },
      "accuracy": 0.7098948060486522,
      "macro avg": {
        "precision": 0.6321945438499427,
        "recall": 0.6863043758191956,
        "f1-score": 0.6453039955327838,
        "support": 12168.0
      },
      "weighted avg": {
        "precision": 0.7396374365129728,
        "recall": 0.7098948060486522,
        "f1-score": 0.7141021973919475,
        "support": 12168.0
      }
    },
    "confusion_matrix": [
      [
        958,
        132,
        166,
        36
      ],
      [
        274,
        702,
        403,
        491
      ],
      [
        957,
        779,
        4043,
        111
      ],
      [
        20,
        127,
        34,
        2935
      ]
    ]
  }
}