{
  "timestamp": "2026-02-06 21:22:54",
  "config": {
    "subset_size": 11486,
    "c_values": [
      7.0
    ],
    "gamma_values": [
      "scale"
    ],
    "oversample": {
      "commissive": 2.4
    },
    "seed": 42
  },
  "class_distribution": {
    "commissive": 2548,
    "directive": 1536,
    "inform": 4841,
    "question": 2561
  },
  "results": [
    {
      "C": 7.0,
      "gamma": "scale",
      "mean_f1": 0.6853997782350778,
      "std_f1": 0.009079474962968867,
      "time_sec": 35.019885778427124
    }
  ],
  "best_config": {
    "C": 7.0,
    "gamma": "scale",
    "mean_f1": 0.6853997782350778,
    "std_f1": 0.009079474962968867,
    "time_sec": 35.019885778427124
  }
}