{
  "timestamp": "2026-02-06 21:21:17",
  "config": {
    "subset_size": 12407,
    "c_values": [
      7.0
    ],
    "gamma_values": [
      "scale"
    ],
    "oversample": {
      "commissive": 2.4,
      "directive": 1.6
    },
    "seed": 42
  },
  "class_distribution": {
    "commissive": 2548,
    "directive": 2457,
    "inform": 4841,
    "question": 2561
  },
  "results": [
    {
      "C": 7.0,
      "gamma": "scale",
      "mean_f1": 0.7150495788885954,
      "std_f1": 0.006220259681977573,
      "time_sec": 41.53570508956909
    }
  ],
  "best_config": {
    "C": 7.0,
    "gamma": "scale",
    "mean_f1": 0.7150495788885954,
    "std_f1": 0.006220259681977573,
    "time_sec": 41.53570508956909
  }
}