{
  "timestamp": "2026-02-06 21:13:53",
  "config": {
    "subset_size": 10000,
    "c_values": [
      0.1,
      1.0,
      5.0,
      10.0
    ],
    "gamma_values": [
      "scale"
    ],
    "oversample": {},
    "seed": 42
  },
  "class_distribution": {
    "commissive": 1062,
    "directive": 1536,
    "inform": 4841,
    "question": 2561
  },
  "results": [
    {
      "C": 0.1,
      "gamma": "scale",
      "mean_f1": 0.5122967972239431,
      "std_f1": 0.00376522127613021,
      "time_sec": 32.47017812728882
    },
    {
      "C": 1.0,
      "gamma": "scale",
      "mean_f1": 0.5937365890056651,
      "std_f1": 0.00842244432861876,
      "time_sec": 27.25447177886963
    },
    {
      "C": 5.0,
      "gamma": "scale",
      "mean_f1": 0.6251565392358251,
      "std_f1": 0.006078803395860263,
      "time_sec": 25.00207495689392
    },
    {
      "C": 10.0,
      "gamma": "scale",
      "mean_f1": 0.6271706305378,
      "std_f1": 0.005194258853009708,
      "time_sec": 24.18780827522278
    }
  ],
  "best_config": {
    "C": 10.0,
    "gamma": "scale",
    "mean_f1": 0.6271706305378,
    "std_f1": 0.005194258853009708,
    "time_sec": 24.18780827522278
  }
}