{
  "timestamp": "2026-02-06 22:17:49",
  "config": {
    "subset_size": 75451,
    "c_values": [
      7.0
    ],
    "gamma_values": [
      "scale"
    ],
    "oversample": {
      "commissive": 2.35,
      "directive": 1.63,
      "inform": 0.52,
      "question": 0.98
    },
    "seed": 42
  },
  "class_distribution": {
    "commissive": 15185,
    "directive": 15237,
    "inform": 29450,
    "question": 15579
  },
  "results": [
    {
      "C": 7.0,
      "gamma": "scale",
      "mean_f1": 0.7053938125809742,
      "std_f1": 0.0020920237034475707,
      "time_sec": 2313.723618030548
    }
  ],
  "best_config": {
    "C": 7.0,
    "gamma": "scale",
    "mean_f1": 0.7053938125809742,
    "std_f1": 0.0020920237034475707,
    "time_sec": 2313.723618030548
  }
}