{
  "timestamp": "2026-02-06T13:36:32",
  "optimizer": "mipro",
  "per_category_pass_rates": {
    "catching_up": 0.3333333333333333,
    "edge_case": 0.2857142857142857,
    "emotional_support": 1.0,
    "professional": 0.4,
    "quick_exchange": 0.5714285714285714
  }
}