{
  "labels": [
    "AGREE",
    "DECLINE",
    "DEFER",
    "OTHER",
    "QUESTION",
    "REACTION"
  ],
  "size": 13000,
  "C": 10,
  "gamma": "scale",
  "macro_f1": 0.8187737431925965,
  "macro_f1_ci_lower": 0.7840731967316243,
  "macro_f1_ci_upper": 0.8493717928068365,
  "weighted_f1": 0.8522036426342878,
  "train_size": 12997,
  "test_size": 971
}