{
  "config": {
    "size": 13000,
    "C": 10,
    "gamma": "scale"
  },
  "metrics": {
    "macro_f1": 0.8187737431925965,
    "macro_f1_ci_lower": 0.7840731967316243,
    "macro_f1_ci_upper": 0.8493717928068365,
    "weighted_f1": 0.8522036426342878
  },
  "per_class": {
    "AGREE": {
      "precision": 0.7241379310344828,
      "recall": 0.875,
      "f1": 0.7924528301886793,
      "support": 72
    },
    "DECLINE": {
      "precision": 0.8372093023255814,
      "recall": 0.7659574468085106,
      "f1": 0.8,
      "support": 47
    },
    "DEFER": {
      "precision": 0.6981132075471698,
      "recall": 0.74,
      "f1": 0.7184466019417476,
      "support": 50
    },
    "OTHER": {
      "precision": 0.8758029978586723,
      "recall": 0.8683651804670913,
      "f1": 0.8720682302771855,
      "support": 471
    },
    "QUESTION": {
      "precision": 0.8963414634146342,
      "recall": 0.8963414634146342,
      "f1": 0.8963414634146342,
      "support": 164
    },
    "REACTION": {
      "precision": 0.8598726114649682,
      "recall": 0.8083832335329342,
      "f1": 0.8333333333333334,
      "support": 167
    }
  },
  "confusion_matrix": {
    "labels": [
      "AGREE",
      "DECLINE",
      "DEFER",
      "OTHER",
      "QUESTION",
      "REACTION"
    ],
    "matrix": [
      [
        63,
        0,
        1,
        5,
        1,
        2
      ],
      [
        2,
        36,
        1,
        8,
        0,
        0
      ],
      [
        0,
        1,
        37,
        8,
        4,
        0
      ],
      [
        18,
        4,
        13,
        409,
        10,
        17
      ],
      [
        1,
        1,
        0,
        12,
        147,
        3
      ],
      [
        3,
        1,
        1,
        25,
        2,
        135
      ]
    ]
  },
  "train_distribution": {
    "OTHER": 5937,
    "REACTION": 2104,
    "QUESTION": 2072,
    "AGREE": 1216,
    "DECLINE": 811,
    "DEFER": 857
  },
  "test_distribution": {
    "OTHER": 471,
    "REACTION": 167,
    "QUESTION": 164,
    "AGREE": 72,
    "DECLINE": 47,
    "DEFER": 50
  }
}