{
  "config": {
    "size": 6000,
    "C": 10.0,
    "gamma": "scale",
    "cv_mean": 0.859,
    "cv_std": 0.011
  },
  "test_macro_f1": 0.8199970441864421,
  "test_macro_f1_ci_lower": 0.7929455294137148,
  "test_macro_f1_ci_upper": 0.8436863253276093,
  "test_weighted_f1": 0.8336687903930307,
  "per_class": {
    "commitment": {
      "precision": 0.7676767676767676,
      "recall": 0.7676767676767676,
      "f1-score": 0.7676767676767676,
      "support": 99.0
    },
    "question": {
      "precision": 0.8592592592592593,
      "recall": 0.8721804511278195,
      "f1-score": 0.8656716417910447,
      "support": 133.0
    },
    "reaction": {
      "precision": 0.7453416149068323,
      "recall": 0.759493670886076,
      "f1-score": 0.7523510971786834,
      "support": 158.0
    },
    "social": {
      "precision": 0.8527131782945736,
      "recall": 0.8527131782945736,
      "f1-score": 0.8527131782945736,
      "support": 129.0
    },
    "statement": {
      "precision": 0.8663697104677061,
      "recall": 0.8568281938325991,
      "f1-score": 0.8615725359911407,
      "support": 454.0
    }
  }
}