{
  "labels": [
    "commitment",
    "question",
    "reaction",
    "social",
    "statement"
  ],
  "size": 6000,
  "C": 10.0,
  "gamma": "scale",
  "macro_f1": 0.8199970441864421,
  "macro_f1_ci_lower": 0.7929455294137148,
  "macro_f1_ci_upper": 0.8436863253276093,
  "weighted_f1": 0.8336687903930307,
  "train_size": 6000,
  "test_size": 973
}